"impresso","enviadomotorista","clienteconfirma","ctes","criado_em","resolvida","telefone","TICKET _D","data_ticket","status","assunto"
false,false,false,18198401106289,2026-03-06 12:45:04.450,false,,,2026-03-20 08:03:58.033,,
true,true,false,18015951229460,2026-02-18 17:50:37.962,false,,,2026-03-20 08:03:58.033,,
false,false,false,18201500367772,2026-02-19 10:12:18.328,false,,,2026-03-20 08:03:58.033,,
false,false,false,18180900811796,2026-02-19 10:08:41.749,true,,,2026-03-20 08:03:58.033,,
false,false,false,18180900793876,2026-02-19 10:04:26.830,true,,,2026-03-20 08:03:58.033,,
false,false,false,18015951285123,2026-02-19 19:55:45.669,true,,,2026-03-20 08:03:58.033,,
false,true,,18015951242317,2026-02-18 10:25:18.700,true,,,2026-03-20 08:03:58.033,,
true,true,true,18015951278665,2026-02-18 10:25:18.700,true,,,2026-03-20 08:03:58.033,,
false,false,false,18015953242220,2026-04-15 14:47:52.398,false,5571996844509,,2026-04-15 17:47:52.404,,
false,false,false,18097900917334,2026-02-19 15:27:17.891,true,,,2026-03-20 08:03:58.033,,
false,false,false,18206101100031,2026-02-19 15:18:27.563,true,,,2026-03-20 08:03:58.033,,
false,false,false,18206101109662,2026-02-19 15:21:03.975,true,,,2026-03-20 08:03:58.033,,
false,false,false,18249200208416,2026-04-16 09:07:56.878,false,5571987272767,,2026-04-16 12:07:56.881,,
false,false,false,18189800192691,2026-02-23 13:26:53.462,false,,,2026-03-20 08:03:58.033,,
false,true,false,18109044948062,2026-04-15 09:05:45.727,false,5571986259664,,2026-04-15 12:05:45.729,,
false,false,false,18000100269425,2026-05-14 11:05:03.364,true,0,5172233,2026-04-15 00:00:00.000,Resolvido,Comprovante de entrega
false,false,false,18188300592749,2026-05-13 16:22:56.917,true,0,5155889,2026-04-14 00:00:00.000,Resolvido,Comprovante de entrega
false,false,false,18015951427359,2026-02-26 17:51:18.237,false,,,2026-03-20 08:03:58.033,,
false,true,false,18176302789664,2026-02-26 18:21:45.683,false,,,2026-03-20 08:03:58.033,,
false,false,false,18015951603140,2026-02-26 19:29:43.511,false,,,2026-03-20 08:03:58.033,,
false,false,false,18015951588454,2026-02-27 11:18:07.845,false,,,2026-03-20 08:03:58.033,,
false,false,false,18015951561009,2026-02-27 13:42:01.494,false,,,2026-03-20 08:03:58.033,,
false,false,false,10085123690791,2026-02-27 19:14:34.412,false,,,2026-03-20 08:03:58.033,,
false,false,false,18191001494355,2026-02-27 15:23:53.383,true,,,2026-03-20 08:03:58.033,,
false,false,false,18137801882187,2026-03-02 17:15:54.804,false,,,2026-03-20 08:03:58.033,,
false,false,false,10088124923002,2026-03-03 14:20:39.959,false,,,2026-03-20 08:03:58.033,,
false,false,false,18109908163777,2026-03-03 19:55:28.397,false,,,2026-03-20 08:03:58.033,,
false,,false,18097901216948,2026-03-02 17:12:35.177,true,,,2026-03-20 08:03:58.033,,
false,false,false,18015951229162,2026-03-05 11:04:12.313,false,,,2026-03-20 08:03:58.033,,
false,false,false,18015951438434,2026-03-05 11:05:47.517,false,,,2026-03-20 08:03:58.033,,
false,false,false,18143102771989,2026-03-05 11:12:00.572,false,,,2026-03-20 08:03:58.033,,
false,false,false,18000100200315,2026-03-05 11:15:06.823,false,,,2026-03-20 08:03:58.033,,
false,false,false,18167700715404,2026-03-05 11:32:18.281,false,,,2026-03-20 08:03:58.033,,
false,false,false,18168202632725,2026-03-05 11:34:12.944,false,,,2026-03-20 08:03:58.033,,
false,false,false,18167700719020,2026-03-05 11:37:47.032,false,,,2026-03-20 08:03:58.033,,
false,false,false,18015951444013,2026-03-29 13:37:35.684,true,0,4722515,2026-03-20 08:03:58.033,Resolvido,Acareação
false,false,false,18015952127935,2026-04-09 15:37:48.280,true,0,4798466,2026-03-20 08:03:58.033,Resolvido,Acareação
false,false,false,18015951363873,2026-03-29 13:37:35.788,true,0,4722603,2026-03-20 08:03:58.033,Resolvido,Acareação
false,false,false,18202500102222,2026-03-09 20:58:16.782,false,7193007352,,2026-03-20 08:03:58.033,,
false,false,false,10084624686443,2026-03-10 17:26:45.188,false,71988698728,,2026-03-20 08:03:58.033,,
false,false,false,18226900920753,2026-03-11 11:39:10.019,false,71981289610,,2026-03-20 08:03:58.033,,
false,false,false,18015951928617,2026-03-11 12:22:48.404,false,,,2026-03-20 08:03:58.033,,
false,false,false,18015951890865,2026-03-13 12:31:39.701,false,,,2026-03-20 08:03:58.033,,
false,false,false,10088214210705,2026-04-08 16:56:15.419,true,0,4771184,2026-03-20 08:03:58.033,Resolvido,Acareação
false,false,false,18121604371250,2026-04-09 15:37:48.141,true,0,4786076,2026-03-20 08:03:58.033,Resolvido,Acareação
false,false,false,18015951965544,2026-03-14 12:06:37.069,false,,,2026-03-20 08:03:58.033,,
false,false,false,18226900920723,2026-03-16 11:12:26.732,false,71993168841,,2026-03-20 08:03:58.033,,
false,false,false,18131800839268,2026-03-22 11:18:22.316,true,0,4585928,2026-03-20 08:03:58.033,Resolvido,Acareação
false,false,false,18015951013223,2026-03-22 11:18:21.177,true,0,4522949,2026-03-20 08:03:58.033,Resolvido,Acareação
false,false,false,18015951766480,2026-03-16 16:50:25.121,false,71983291881,,2026-03-20 08:03:58.033,,
false,false,false,18015952217150,2026-03-18 14:59:25.878,false,,,2026-03-20 08:03:58.033,,
false,false,false,18109908237920,2026-03-19 10:48:33.505,false,,,2026-03-20 08:03:58.033,,
false,false,false,18015952443382,2026-03-19 12:25:19.901,false,,,2026-03-20 08:03:58.033,,
false,false,false,18104102478815,2026-03-19 14:57:40.764,false,,,2026-03-20 08:03:58.033,,
false,false,false,18015951763524,2026-03-19 14:45:35.965,false,,,2026-03-20 08:03:58.033,,
false,false,false,10088214230033,2026-03-19 15:29:20.452,false,,,2026-03-20 08:03:58.033,,
false,false,false,18187400773143,2026-03-19 19:55:51.421,false,,,2026-03-20 08:03:58.033,,
false,false,false,18188300581635,2026-03-19 11:14:17.909,true,,,2026-03-20 08:03:58.033,,
false,false,false,18168202636790,2026-03-29 13:37:34.860,true,0,4711420,2026-03-20 08:03:58.033,Resolvido,Acareação
false,false,false,18206101146466,2026-03-27 11:53:26.323,true,0,4655278,2026-03-20 08:03:58.033,Resolvido,Acareação
false,false,false,18194700337969,2026-04-08 16:56:14.954,true,0,4762502,2026-03-20 08:03:58.033,Resolvido,Acareação
false,false,false,18168202631485,2026-03-22 11:18:22.440,true,0,4617243,2026-03-20 08:03:58.033,Resolvido,Acareação
false,false,false,18168100292122,2026-03-22 11:18:22.525,true,0,4622589,2026-03-20 08:03:58.033,Resolvido,Acareação
false,false,false,18015950915429,2026-03-22 11:18:22.870,true,0,4649221,2026-03-20 08:03:58.033,Resolvido,Acareação
false,false,false,18015951493293,2026-03-29 13:37:34.935,true,0,4717361,2026-03-20 08:03:58.033,Resolvido,Acareação
false,false,false,18015951501301,2026-03-29 13:37:35.110,true,0,4717366,2026-03-20 08:03:58.033,Resolvido,Acareação
false,false,false,18191001565711,2026-04-09 15:37:48.907,true,0,4801668,2026-03-10 00:00:00.000,Resolvido,Acareação
false,false,false,18015951579762,2026-03-29 13:37:35.214,true,0,4717395,2026-03-20 08:03:58.033,Resolvido,Acareação
false,false,false,18015951504348,2026-03-29 13:37:35.276,true,0,4717454,2026-03-20 08:03:58.033,Resolvido,Acareação
false,false,false,18015951388217,2026-03-29 13:37:35.335,true,0,4717535,2026-03-20 08:03:58.033,Resolvido,Acareação
false,false,false,18015951387777,2026-03-29 13:37:35.946,true,0,4722607,2026-03-20 08:03:58.033,Resolvido,Acareação
false,false,false,18121604373187,2026-03-29 13:37:36.020,true,0,4730904,2026-03-20 08:03:58.033,Resolvido,Acareação
false,false,false,18167700733250,2026-04-11 09:16:20.742,true,0,4806330,2026-03-20 08:03:58.033,Resolvido,Acareação
false,false,false,18206101146492,2026-04-09 15:37:47.987,true,0,4781788,2026-03-20 08:03:58.033,Resolvido,Acareação
false,false,false,18168202628244,2026-03-22 11:18:21.466,true,0,4554313,2026-03-20 08:03:58.033,Resolvido,Acareação
false,false,false,18257500044716,2026-03-22 11:18:21.625,true,0,4569338,2026-03-20 08:03:58.033,Resolvido,Acareação
false,false,false,18214600120124,2026-03-22 11:18:21.823,true,0,4575302,2026-03-20 08:03:58.033,Resolvido,Acareação
false,false,false,18198700135041,2026-03-22 11:18:21.955,true,0,4577801,2026-03-20 08:03:58.033,Resolvido,Acareação
false,false,false,18176002624638,2026-03-22 11:18:22.134,true,0,4578447,2026-03-20 08:03:58.033,Resolvido,Acareação
false,false,false,18015950650305,2026-03-22 11:18:22.229,true,0,4582464,2026-03-20 08:03:58.033,Resolvido,Acareação
false,false,false,18249200229024,2026-05-22 15:20:17.975,true,0,5247123,2026-04-23 00:00:00.000,Resolvido,Acareação
false,false,false,18249200236082,2026-05-22 15:20:18.033,true,0,5247118,2026-04-23 00:00:00.000,Resolvido,Acareação
false,false,false,18121604452413,2026-04-16 18:51:33.908,true,0,4862571,2026-03-18 00:00:00.000,Resolvido,Acareação
false,false,false,18015952185891,2026-04-15 13:26:15.400,true,0,4853012,2026-03-17 00:00:00.000,Resolvido,Acareação
false,false,false,18015952236025,2026-04-15 13:26:15.461,true,0,4853016,2026-03-17 00:00:00.000,Resolvido,Acareação
false,false,false,18015952269849,2026-04-15 13:26:15.561,true,0,4853017,2026-03-17 00:00:00.000,Resolvido,Acareação
false,false,false,18015952061798,2026-04-15 13:26:15.652,true,0,4853033,2026-03-17 00:00:00.000,Resolvido,Acareação
false,false,false,18015952270112,2026-04-15 13:26:15.706,true,0,4853046,2026-03-20 11:22:33.088,Resolvido,Acareação
false,false,false,18015952233506,2026-04-15 13:26:15.764,true,0,4853049,2026-03-17 00:00:00.000,Resolvido,Acareação
false,false,false,18239101995416,2026-04-17 15:05:32.205,true,0,4870739,2026-03-20 11:22:33.208,Resolvido,Acareação
false,false,false,18159608232002,2026-04-17 15:05:32.844,true,0,4881074,2026-03-19 00:00:00.000,Resolvido,Acareação
false,false,false,18194700350708,2026-04-17 15:05:32.912,true,0,4882035,2026-03-19 00:00:00.000,Resolvido,Acareação
false,false,false,18015952230465,2026-04-15 13:26:15.817,true,0,4853053,2026-03-17 00:00:00.000,Resolvido,Acareação
false,false,false,18152701047505,2026-04-23 17:28:10.327,true,0,4945064,2026-03-25 00:00:00.000,Resolvido,Acareação
false,false,false,18186600036265,2026-03-29 13:37:34.641,true,0,4681508,2026-03-20 15:53:55.145,Resolvido,Acareação
false,false,false,18239102022783,2026-04-14 13:15:21.934,true,0,4826370,2026-03-20 08:03:58.033,Resolvido,Acareação
false,false,false,18194700365656,2026-05-15 16:10:42.790,true,0,5192200,2026-04-16 00:00:00.000,Resolvido,Acareação
false,false,false,18249200229964,2026-05-22 15:20:18.302,true,0,5247966,2026-04-23 00:00:00.000,Resolvido,Acareação
false,false,false,18249200240561,2026-05-22 15:20:18.343,true,0,5248228,2026-04-23 00:00:00.000,Resolvido,Acareação
false,false,false,18172803026683,2026-04-14 13:15:21.722,true,0,4824555,2026-03-20 08:03:58.033,Resolvido,Acareação
false,false,false,18137801974811,2026-05-22 15:20:18.401,true,0,5251328,2026-04-23 00:00:00.000,Resolvido,Acareação
false,false,false,18015953378240,2026-05-16 11:13:27.942,true,0,5196378,2026-04-17 00:00:00.000,Resolvido,Acareação
false,false,false,18168202638884,2026-03-27 11:53:26.390,true,0,4663372,2026-03-20 15:53:54.998,Resolvido,Acareação
false,false,false,18172803064018,2026-05-22 15:20:17.509,true,0,5246811,2026-04-23 00:00:00.000,Resolvido,Acareação
false,false,false,18015953469433,2026-05-16 11:13:28.831,true,0,5196396,2026-04-17 00:00:00.000,Resolvido,Acareação
false,false,false,18015952223259,2026-03-20 08:36:42.035,false,,,2026-03-20 11:36:42.037,,
false,false,false,10089398629121,2026-03-20 08:57:49.679,false,,,2026-03-20 11:57:49.682,,
false,false,false,18109908319748,2026-05-15 16:10:42.572,true,0,5189375,2026-04-16 00:00:00.000,Resolvido,Acareação
false,false,false,18131800856138,2026-03-20 09:16:46.990,false,,,2026-03-20 12:16:46.992,,
false,false,false,18015952113096,2026-03-20 11:00:06.679,false,5571983325323,,2026-03-20 14:00:06.685,,
false,false,false,18121604441856,2026-03-20 11:03:21.674,false,5571982357207,,2026-03-20 14:03:21.677,,
false,false,false,18176002804378,2026-05-16 11:13:29.212,true,0,5199234,2026-04-17 00:00:00.000,Resolvido,Acareação
false,false,false,18176302984905,2026-05-22 15:20:18.502,true,0,5252187,2026-04-23 00:00:00.000,Resolvido,Acareação
false,false,false,18215300091919,2026-04-13 08:55:27.790,true,0,4845237,2026-03-20 15:30:09.088,Resolvido,Comprovante de entrega
false,false,false,18206101125329,2026-03-22 11:18:22.274,true,0,4584680,2026-03-20 15:53:54.153,Resolvido,Acareação
false,false,false,18249200232872,2026-05-22 15:20:17.810,true,0,5247025,2026-04-23 00:00:00.000,Resolvido,Acareação
false,false,false,18249200233394,2026-05-22 15:20:17.898,true,0,5247115,2026-04-23 00:00:00.000,Resolvido,Acareação
false,false,false,10085620365022,2026-03-22 11:18:22.356,true,0,4596553,2026-03-20 15:53:54.249,Resolvido,Acareação
false,false,false,18206101146614,2026-03-22 11:18:22.565,true,0,4628241,2026-03-20 15:53:54.521,Resolvido,Acareação
false,false,false,18109908099091,2026-03-22 11:18:22.396,true,0,4601769,2026-03-20 08:03:58.033,Resolvido,Acareação
false,false,false,18215300083749,2026-03-22 11:18:22.481,true,0,4618301,2026-03-20 08:03:58.033,Resolvido,Acareação
false,false,false,18159608201538,2026-03-22 11:18:22.609,true,0,4628627,2026-03-20 15:53:54.560,Resolvido,Acareação
false,false,false,18247000008877,2026-03-22 11:18:22.655,true,0,4629323,2026-03-20 15:53:54.617,Resolvido,Acareação
false,false,false,10087712080832,2026-03-22 11:18:22.697,true,0,4631690,2026-03-20 15:53:54.661,Resolvido,Acareação
false,false,false,18168202632127,2026-03-22 11:18:22.737,true,0,4632705,2026-03-20 15:53:54.716,Resolvido,Acareação
false,false,false,18015951067989,2026-03-22 11:18:22.792,true,0,4640487,2026-03-20 08:03:58.033,Resolvido,Acareação
false,false,false,18015951090644,2026-03-22 11:18:22.833,true,0,4643618,2026-03-20 15:53:54.805,Resolvido,Acareação
false,false,false,18256300014974,2026-03-22 11:18:22.903,true,0,4650775,2026-03-20 08:03:58.033,Resolvido,Acareação
false,false,false,18015951546082,2026-03-27 11:53:26.451,true,0,4663487,2026-03-20 15:53:55.043,Resolvido,Acareação
false,false,false,18242900266792,2026-03-27 11:53:26.508,true,0,4669727,2026-03-20 08:03:58.033,Resolvido,Acareação
false,false,false,18168202628963,2026-03-29 13:37:34.769,true,0,4699158,2026-03-20 08:03:58.033,Resolvido,Acareação
false,false,false,18168202645586,2026-03-29 13:37:34.817,true,0,4701181,2026-03-20 15:53:55.281,Resolvido,Acareação
false,false,false,18015951817502,2026-03-29 13:37:34.898,true,0,4711588,2026-03-20 08:03:58.033,Resolvido,Acareação
false,false,false,18015951590579,2026-03-29 13:37:34.970,true,0,4717434,2026-03-20 08:03:58.033,Resolvido,Acareação
false,false,false,18015951579853,2026-03-29 13:37:35.013,true,0,4717443,2026-03-20 15:53:55.704,Resolvido,Acareação
false,false,false,18249200212517,2026-04-17 15:13:05.332,false,5571987944329,,2026-04-17 18:13:05.338,,
false,false,false,18015951755183,2026-03-29 13:37:35.568,true,0,4722508,2026-03-20 15:53:56.675,Resolvido,Acareação
false,false,false,18215200088346,2026-04-09 15:37:48.227,true,0,4789820,2026-03-20 08:03:58.033,Resolvido,Acareação
false,false,false,18199700489971,2026-03-20 14:13:36.933,false,5571981349309,,2026-03-20 17:13:36.937,,
false,false,false,18015951585869,2026-03-20 18:40:58.591,false,,,2026-03-20 18:40:58.591,,
false,false,false,18257500072401,2026-03-21 21:50:27.462,false,,,2026-03-22 00:50:27.466,,
false,false,false,18249200123250,2026-03-22 11:18:12.210,true,0,4030985,2026-03-22 14:18:12.214,Resolvido,Acareação
false,false,false,18249200113125,2026-03-22 11:18:12.293,true,0,4031143,2026-03-22 14:18:12.312,Resolvido,Acareação
false,false,false,18015949120637,2026-03-22 11:18:12.394,true,0,4032903,2026-03-22 14:18:12.397,Resolvido,Acareação
false,false,false,18168202562058,2026-03-22 11:18:12.447,true,0,4033087,2026-03-22 14:18:12.449,Resolvido,Acareação
false,false,false,18146400203185,2026-03-22 11:18:12.493,true,0,4034870,2026-03-22 14:18:12.502,Resolvido,Acareação
false,false,false,18176302758516,2026-03-22 11:18:12.581,true,0,4036853,2026-03-22 14:18:12.599,Resolvido,Acareação
false,false,false,18206101063953,2026-03-22 11:18:12.811,true,0,4058939,2026-03-22 14:18:12.840,Resolvido,Acareação
false,false,false,18236200321183,2026-03-22 11:18:12.987,true,0,4072997,2026-03-22 14:18:12.990,Resolvido,Acareação
false,false,false,18196700418117,2026-03-22 11:18:13.044,true,0,4074220,2026-03-22 14:18:13.047,Resolvido,Acareação
false,false,false,18121604210967,2026-03-22 11:18:13.126,true,0,4086214,2026-03-22 14:18:13.128,Resolvido,Acareação
false,false,false,10084758409784,2026-03-22 11:18:13.311,true,0,4095957,2026-03-22 14:18:13.325,Resolvido,Acareação
false,false,false,18015948892693,2026-03-22 11:18:13.473,true,0,4096640,2026-03-22 14:18:13.476,Resolvido,Acareação
false,false,false,10086682265692,2026-03-22 11:18:13.642,true,0,4097200,2026-03-22 14:18:13.644,Resolvido,Acareação
false,false,false,18159607984101,2026-03-22 11:18:13.726,true,0,4098093,2026-03-22 14:18:12.694,Resolvido,Acareação
false,false,false,18109907879825,2026-03-22 11:18:13.842,true,0,4098427,2026-03-22 14:18:13.844,Resolvido,Acareação
false,false,false,18142001210859,2026-03-22 11:18:14.021,true,0,4116446,2026-03-22 14:18:14.023,Resolvido,Acareação
false,false,false,18206101063114,2026-03-22 11:18:14.066,true,0,4127921,2026-03-22 14:18:14.068,Resolvido,Acareação
false,false,false,18176002510327,2026-03-22 11:18:14.118,true,0,4127928,2026-03-22 14:18:14.120,Resolvido,Acareação
false,false,false,18168202455863,2026-03-22 11:18:14.170,true,0,4130504,2026-03-22 14:18:14.174,Resolvido,Acareação
false,false,false,18203100489406,2026-03-22 11:18:14.225,true,0,4134847,2026-03-22 14:18:14.228,Resolvido,Acareação
false,false,false,18136301231399,2026-03-22 11:18:14.282,true,0,4135093,2026-03-22 14:18:14.284,Resolvido,Acareação
false,false,false,18146400207395,2026-03-22 11:18:14.325,true,0,4150872,2026-03-22 14:18:14.328,Resolvido,Acareação
false,false,false,18121604184691,2026-03-22 11:18:14.370,true,0,4154683,2026-03-22 14:18:14.373,Resolvido,Acareação
false,false,false,18213700039462,2026-03-22 11:18:14.419,true,0,4160456,2026-03-22 14:18:14.435,Resolvido,Acareação
false,false,false,18206101091213,2026-03-22 11:18:14.531,true,0,4161281,2026-03-22 14:18:14.533,Resolvido,Acareação
false,false,false,18194700294808,2026-03-22 11:18:14.573,true,0,4179644,2026-03-22 14:18:14.575,Resolvido,Acareação
false,false,false,18249200115190,2026-03-22 11:18:14.617,true,0,4187058,2026-03-22 14:18:14.619,Resolvido,Acareação
false,false,false,18168202569604,2026-03-22 11:18:14.658,true,0,4187637,2026-03-22 14:18:14.660,Resolvido,Acareação
false,false,false,18227000348355,2026-03-22 11:18:14.706,true,0,4190089,2026-03-22 14:18:12.937,Resolvido,Acareação
false,false,false,18194700302497,2026-03-22 11:18:14.835,true,0,4191152,2026-03-22 14:18:14.837,Resolvido,Acareação
false,false,false,18168202555757,2026-03-22 11:18:14.953,true,0,4191400,2026-03-22 14:18:14.955,Resolvido,Acareação
false,false,false,18194700300564,2026-03-22 11:18:15.074,true,0,4191664,2026-03-22 14:18:15.077,Resolvido,Acareação
false,false,false,18201500328448,2026-03-22 11:18:16.402,true,0,4269086,2026-03-22 14:18:13.975,Resolvido,Acareação
false,false,false,18015951477662,2026-03-29 13:37:35.246,true,0,4717439,2026-03-20 08:03:58.033,Resolvido,Acareação
false,false,false,18015951495670,2026-03-29 13:37:35.305,true,0,4717470,2026-03-20 08:03:58.033,Resolvido,Acareação
false,false,false,18015951808919,2026-03-29 13:37:35.371,true,0,4717541,2026-03-20 15:53:56.487,Resolvido,Acareação
false,false,false,18015951363816,2026-03-29 13:37:35.410,true,0,4717522,2026-03-20 15:53:56.527,Resolvido,Acareação
false,false,false,18015951766726,2026-03-29 13:37:35.491,true,0,4722504,2026-03-20 15:53:56.603,Resolvido,Acareação
false,false,false,18015951543983,2026-03-29 13:37:35.534,true,0,4722506,2026-03-20 15:53:56.642,Resolvido,Acareação
false,false,false,18015951466669,2026-03-29 13:37:35.606,true,0,4722510,2026-03-20 15:53:56.712,Resolvido,Acareação
false,false,false,18015951755660,2026-03-29 13:37:35.645,true,0,4722511,2026-03-20 08:03:58.033,Resolvido,Acareação
false,false,false,18015951540155,2026-03-29 13:37:35.720,true,0,4722500,2026-03-20 08:03:58.033,Resolvido,Acareação
false,false,false,18015951481618,2026-03-29 13:37:35.756,true,0,4722502,2026-03-20 15:53:56.858,Resolvido,Acareação
false,false,false,18015951951057,2026-03-29 13:37:35.826,true,0,4722604,2026-03-20 15:53:56.931,Resolvido,Acareação
false,false,false,18015951401702,2026-03-29 13:37:35.868,true,0,4722605,2026-03-20 15:53:56.968,Resolvido,Acareação
false,false,false,18015951783369,2026-03-29 13:37:35.901,true,0,4722606,2026-03-20 08:03:58.033,Resolvido,Acareação
false,false,false,18015951783836,2026-03-29 13:37:35.974,true,0,4722610,2026-03-20 08:03:58.033,Resolvido,Acareação
false,false,false,18137200301908,2026-04-11 09:16:20.962,true,0,4806775,2026-03-20 15:53:58.287,Resolvido,Acareação
false,false,false,18248300033876,2026-04-09 15:37:47.920,true,0,4777130,2026-03-20 15:53:57.678,Resolvido,Acareação
false,false,false,18142001272090,2026-04-08 16:56:14.899,true,0,4762252,2026-03-20 08:03:58.033,Resolvido,Acareação
false,false,false,10089398517203,2026-04-07 13:50:39.792,true,0,4749209,2026-03-20 15:53:57.164,Resolvido,Acareação
false,false,false,18239101995802,2026-04-08 16:56:15.045,true,0,4764107,2026-03-20 15:53:57.287,Resolvido,Acareação
false,false,false,18194700341398,2026-04-08 16:56:15.091,true,0,4764766,2026-03-20 15:53:57.336,Resolvido,Acareação
false,false,false,18143102787805,2026-04-09 15:37:48.330,true,0,4799520,2026-03-20 15:53:58.046,Resolvido,Acareação
false,false,false,18015951636708,2026-03-29 13:37:35.150,true,0,4717385,2026-03-20 08:03:58.033,Resolvido,Acareação
false,false,false,18015951291564,2026-03-29 13:37:35.180,true,0,4717391,2026-03-20 15:53:56.255,Resolvido,Acareação
false,false,false,18191001579200,2026-04-11 09:16:20.654,true,0,4804320,2026-03-10 00:00:00.000,Resolvido,Acareação
false,false,false,18249200176647,2026-04-08 16:56:15.283,true,0,4766501,2026-03-20 08:03:58.033,Resolvido,Acareação
false,false,false,18168202651354,2026-04-08 16:56:15.374,true,0,4769804,2026-03-20 15:53:57.550,Resolvido,Acareação
false,false,false,18015951621987,2026-04-08 16:56:15.515,true,0,4771199,2026-03-20 08:03:58.033,Resolvido,Acareação
false,false,false,18227000438680,2026-04-09 15:37:48.045,true,0,4785363,2026-03-20 15:53:57.774,Resolvido,Acareação
false,false,false,18254100059073,2026-04-09 15:37:48.501,true,0,4800577,2026-03-20 08:03:58.033,Resolvido,Acareação
false,false,false,18204700642463,2026-04-09 15:37:48.182,true,0,4788587,2026-03-20 15:53:57.904,Resolvido,Acareação
false,false,false,18121700115597,2026-04-09 15:37:48.097,true,0,4785351,2026-03-20 15:53:57.822,Resolvido,Acareação
false,false,false,18168202550391,2026-03-22 11:18:15.118,true,0,4196013,2026-03-22 14:18:15.121,Resolvido,Acareação
false,false,false,18249200107943,2026-03-22 11:18:15.167,true,0,4196451,2026-03-22 14:18:15.170,Resolvido,Acareação
false,false,false,18168202556216,2026-03-22 11:18:15.287,true,0,4201287,2026-03-22 14:18:15.289,Resolvido,Acareação
false,false,false,18168202533891,2026-03-22 11:18:15.417,true,0,4201378,2026-03-22 14:18:15.419,Resolvido,Acareação
false,false,false,18227000358825,2026-03-22 11:18:15.541,true,0,4203722,2026-03-22 14:18:15.544,Resolvido,Acareação
false,false,false,18015949573591,2026-03-22 11:18:15.652,true,0,4204188,2026-03-22 14:18:15.654,Resolvido,Acareação
false,false,false,18168202578935,2026-03-22 11:18:15.789,true,0,4238261,2026-03-22 14:18:15.791,Resolvido,Acareação
false,false,false,18188300532307,2026-03-22 11:18:15.827,true,0,4239615,2026-03-22 14:18:15.830,Resolvido,Acareação
false,false,false,18188300532306,2026-03-22 11:18:15.869,true,0,4239622,2026-03-22 14:18:15.871,Resolvido,Acareação
false,false,false,18134800213380,2026-03-22 11:18:15.915,true,0,4249567,2026-03-22 14:18:15.918,Resolvido,Acareação
false,false,false,18168202559508,2026-03-22 11:18:16.008,true,0,4251549,2026-03-22 14:18:16.011,Resolvido,Acareação
false,false,false,18176302789689,2026-03-22 11:18:16.051,true,0,4251670,2026-03-22 14:18:16.054,Resolvido,Acareação
false,false,false,18176302787261,2026-03-22 11:18:16.089,true,0,4251818,2026-03-22 14:18:16.091,Resolvido,Acareação
false,false,false,18162501215359,2026-03-22 11:18:16.126,true,0,4253154,2026-03-22 14:18:16.128,Resolvido,Acareação
false,false,false,18188300529558,2026-03-22 11:18:16.166,true,0,4255893,2026-03-22 14:18:16.167,Resolvido,Acareação
false,false,false,18015950388946,2026-03-22 11:18:16.219,true,0,4257018,2026-03-22 14:18:16.222,Resolvido,Acareação
false,false,false,18131800694187,2026-03-22 11:18:16.255,true,0,4257679,2026-03-22 14:18:16.258,Resolvido,Acareação
false,false,false,10081993886290,2026-03-22 11:18:16.290,true,0,4257816,2026-03-22 14:18:16.292,Resolvido,Acareação
false,false,false,18229400108879,2026-03-22 11:18:16.328,true,0,4258280,2026-03-22 14:18:16.330,Resolvido,Acareação
false,false,false,18194700309356,2026-03-22 11:18:16.367,true,0,4258704,2026-03-22 14:18:16.369,Resolvido,Acareação
false,false,false,18168202550299,2026-03-22 11:18:16.445,true,0,4271744,2026-03-22 14:18:16.447,Resolvido,Acareação
false,false,false,18015949263265,2026-03-22 11:18:16.659,true,0,4273691,2026-03-22 14:18:16.662,Resolvido,Acareação
false,false,false,18015950431143,2026-03-22 11:18:16.701,true,0,4274020,2026-03-22 14:18:16.704,Resolvido,Acareação
false,false,false,18215100061992,2026-03-22 11:18:16.744,true,0,4275667,2026-03-22 14:18:16.746,Resolvido,Acareação
false,false,false,18015950054144,2026-03-22 11:18:16.779,true,0,4276116,2026-03-22 14:18:16.781,Resolvido,Acareação
false,false,false,18254600068864,2026-03-22 11:18:16.818,true,0,4279117,2026-03-22 14:18:16.820,Resolvido,Acareação
false,false,false,18152700988357,2026-03-22 11:18:16.855,true,0,4280281,2026-03-22 14:18:16.857,Resolvido,Acareação
false,false,false,18121604292964,2026-03-22 11:18:16.895,true,0,4287784,2026-03-22 14:18:16.897,Resolvido,Acareação
false,false,false,18159608086851,2026-03-22 11:18:17.019,true,0,4292501,2026-03-22 14:18:17.021,Resolvido,Acareação
false,false,false,18249900099760,2026-03-22 11:18:17.122,true,0,4293177,2026-03-22 14:18:17.124,Resolvido,Acareação
false,false,false,18182400019266,2026-03-22 11:18:17.354,true,0,4294718,2026-03-22 14:18:17.356,Resolvido,Acareação
false,false,false,18168202588071,2026-03-22 11:18:17.470,true,0,4294894,2026-03-22 14:18:17.472,Resolvido,Acareação
false,false,false,18126801738263,2026-03-22 11:18:17.580,true,0,4295580,2026-03-22 14:18:17.583,Resolvido,Acareação
false,false,false,18143200350566,2026-03-22 11:18:17.712,true,0,4305430,2026-03-22 14:18:17.714,Resolvido,Acareação
false,false,false,18123100781807,2026-03-22 11:18:17.755,true,0,4308842,2026-03-22 14:18:17.758,Resolvido,Acareação
false,false,false,18121604304305,2026-03-22 11:18:17.794,true,0,4313874,2026-03-22 14:18:17.797,Resolvido,Acareação
false,false,false,18168202550288,2026-03-22 11:18:17.834,true,0,4318416,2026-03-22 14:18:17.836,Resolvido,Acareação
false,false,false,18168202583349,2026-03-22 11:18:17.924,true,0,4329528,2026-03-22 14:18:17.926,Resolvido,Acareação
false,false,false,18176302843081,2026-03-22 11:18:18.011,true,0,4348401,2026-03-22 14:18:18.013,Resolvido,Acareação
false,false,false,18194700312461,2026-03-22 11:18:18.051,true,0,4348885,2026-03-22 14:18:18.053,Resolvido,Acareação
false,false,false,18104102299130,2026-03-22 11:18:18.105,true,0,4351936,2026-03-22 14:18:18.106,Resolvido,Acareação
false,false,false,18159608109606,2026-03-22 11:18:18.301,true,0,4369709,2026-03-22 14:18:18.303,Resolvido,Acareação
false,false,false,18015950012260,2026-03-22 11:18:18.397,true,0,4370930,2026-03-22 14:18:18.401,Resolvido,Acareação
false,false,false,18170601036424,2026-03-22 11:18:18.500,true,0,4371833,2026-03-22 14:18:18.502,Resolvido,Acareação
false,false,false,18015950176948,2026-03-22 11:18:18.818,true,0,4373856,2026-03-22 14:18:18.821,Resolvido,Acareação
false,false,false,18015950651077,2026-03-22 11:18:18.863,true,0,4378079,2026-03-22 14:18:18.865,Resolvido,Acareação
false,false,false,18139708754466,2026-03-22 11:18:18.907,true,0,4378747,2026-03-22 14:18:18.909,Resolvido,Acareação
false,false,false,18226200244509,2026-03-22 11:18:18.952,true,0,4380887,2026-03-22 14:18:18.955,Resolvido,Acareação
false,false,false,18194700318764,2026-03-22 11:18:18.993,true,0,4395844,2026-03-22 14:18:18.995,Resolvido,Acareação
false,false,false,18215300081084,2026-03-22 11:18:19.037,true,0,4397140,2026-03-22 14:18:15.707,Resolvido,Acareação
false,false,false,18194700308987,2026-03-22 11:18:19.078,true,0,4399861,2026-03-22 14:18:19.080,Resolvido,Acareação
false,false,false,18015949117377,2026-03-22 11:18:21.342,true,0,4528673,2026-03-22 14:18:16.540,Resolvido,Acareação
false,false,false,18015950813321,2026-03-22 11:18:19.189,true,0,4411867,2026-03-22 14:18:19.192,Resolvido,Acareação
false,false,false,18123100786161,2026-03-22 11:18:19.228,true,0,4413575,2026-03-22 14:18:19.231,Resolvido,Acareação
false,false,false,10089805917685,2026-03-22 11:18:19.270,true,0,4415103,2026-03-22 14:18:19.272,Resolvido,Acareação
false,false,false,18191001504025,2026-03-22 11:18:19.315,true,0,4426043,2026-03-22 14:18:19.317,Resolvido,Acareação
false,false,false,18168202601851,2026-03-22 11:18:19.356,true,0,4431614,2026-03-22 14:18:19.359,Resolvido,Acareação
false,false,false,18137801827414,2026-03-22 11:18:19.396,true,0,4435753,2026-03-22 14:18:19.400,Resolvido,Acareação
false,false,false,18135200255855,2026-03-22 11:18:19.437,true,0,4436266,2026-03-22 14:18:19.439,Resolvido,Acareação
false,false,false,18015950982168,2026-03-22 11:18:19.515,true,0,4437518,2026-03-22 14:18:19.517,Resolvido,Acareação
false,false,false,18176302865947,2026-03-22 11:18:19.556,true,0,4442004,2026-03-22 14:18:19.558,Resolvido,Acareação
false,false,false,18015950081199,2026-03-22 11:18:19.590,true,0,4442959,2026-03-22 14:18:17.237,Resolvido,Acareação
false,false,false,18015950474105,2026-03-22 11:18:19.664,true,0,4453397,2026-03-22 14:18:19.666,Resolvido,Acareação
false,false,false,18168202608092,2026-03-22 11:18:19.735,true,0,4454126,2026-03-22 14:18:19.737,Resolvido,Acareação
false,false,false,18109907957856,2026-03-22 11:18:19.834,true,0,4456984,2026-03-22 14:18:19.914,Resolvido,Acareação
false,false,false,18015950865211,2026-03-22 11:18:20.332,true,0,4458212,2026-03-22 14:18:20.338,Resolvido,Acareação
false,false,false,18168202597780,2026-03-22 11:18:20.570,true,0,4458638,2026-03-22 14:18:20.572,Resolvido,Acareação
false,false,false,18171800789739,2026-03-22 11:18:20.647,true,0,4460993,2026-03-22 14:18:20.704,Resolvido,Acareação
false,false,false,18176002623242,2026-03-22 11:18:20.749,true,0,4461401,2026-03-22 14:18:20.751,Resolvido,Acareação
false,false,false,18159608149709,2026-03-22 11:18:20.795,true,0,4467363,2026-03-22 14:18:20.799,Resolvido,Acareação
false,false,false,18159607992638,2026-03-22 11:18:20.840,true,0,4467768,2026-03-22 14:18:20.844,Resolvido,Acareação
false,false,false,18199700463655,2026-03-22 11:18:20.889,true,0,4476494,2026-03-22 14:18:20.891,Resolvido,Acareação
false,false,false,18194700310472,2026-03-22 11:18:20.931,true,0,4482430,2026-03-22 14:18:20.943,Resolvido,Acareação
false,false,false,18015951048454,2026-03-22 11:18:21.018,true,0,4484033,2026-03-22 14:18:21.027,Resolvido,Acareação
false,false,false,18167700657934,2026-03-22 11:18:21.103,true,0,4510891,2026-03-22 14:18:21.106,Resolvido,Acareação
false,false,false,18176500707538,2026-03-22 11:18:21.139,true,0,4516028,2026-03-22 14:18:21.142,Resolvido,Acareação
false,false,false,18015951262307,2026-03-22 11:18:21.219,true,0,4527122,2026-03-22 14:18:21.221,Resolvido,Acareação
false,false,false,18015951005897,2026-03-22 11:18:21.261,true,0,4527658,2026-03-22 14:18:21.263,Resolvido,Acareação
false,false,false,18206101138475,2026-03-22 11:18:21.300,true,0,4527716,2026-03-22 14:18:21.303,Resolvido,Acareação
false,false,false,18168202592672,2026-03-22 11:18:21.374,true,0,4528746,2026-03-20 08:03:58.033,Resolvido,Acareação
false,false,false,10089806158391,2026-03-22 11:18:21.414,true,0,4529257,2026-03-22 14:18:21.417,Resolvido,Acareação
false,false,false,18159608141982,2026-03-22 11:18:21.502,true,0,4568358,2026-03-20 08:03:58.033,Resolvido,Acareação
false,false,false,18109908099180,2026-03-22 11:18:21.692,true,0,4573877,2026-03-20 08:03:58.033,Resolvido,Acareação
false,false,false,18015951287334,2026-03-22 11:18:21.757,true,0,4574910,2026-03-20 08:03:58.033,Resolvido,Acareação
false,false,false,18015951288894,2026-03-22 11:18:21.890,true,0,4577313,2026-03-20 08:03:58.033,Resolvido,Acareação
false,false,false,18015951291729,2026-03-22 11:18:22.047,true,0,4578026,2026-03-22 14:18:22.049,Resolvido,Acareação
false,false,false,18131300646720,2026-03-22 11:18:22.089,true,0,4578141,2026-03-20 08:03:58.033,Resolvido,Acareação
false,false,false,18175500828481,2026-03-22 11:18:22.167,true,0,4579181,2026-03-20 08:03:58.033,Resolvido,Acareação
false,false,false,18015952570063,2026-04-22 14:40:56.761,true,0,4925331,2026-03-24 00:00:00.000,Resolvido,Acareação
false,false,false,18173602329941,2026-05-18 11:05:15.735,false,5577991717637,,2026-05-18 14:05:15.753,,
false,false,false,18015952505601,2026-03-23 08:10:50.926,false,,,2026-03-23 11:10:50.929,,
false,false,false,18015952303105,2026-03-23 09:21:42.208,false,,,2026-03-23 12:21:42.211,,
false,false,false,18191001632953,2026-03-23 11:16:00.349,false,,,2026-03-23 14:16:00.351,,
false,false,false,18015952479937,2026-03-25 11:43:32.787,false,,,2026-03-25 14:43:32.789,,
false,false,false,18155600366168,2026-03-25 11:46:48.203,false,5571983896738,,2026-03-25 11:08:43.170,,
false,false,false,18015952191221,2026-03-25 11:49:06.913,false,,,2026-03-25 14:49:06.917,,
false,false,false,18104102485527,2026-03-25 12:01:29.666,false,,,2026-03-25 12:09:58.724,,
false,false,false,18015951850463,2026-03-24 08:50:26.747,false,,,2026-03-24 11:50:26.750,,
false,false,false,18015951044834,2026-03-24 08:52:22.270,false,,,2026-03-24 11:52:22.272,,
false,false,false,18015952361990,2026-03-24 10:57:58.249,false,,,2026-03-24 13:57:58.259,,
false,false,false,18104102502478,2026-03-24 10:58:02.421,false,,,2026-03-24 13:58:02.425,,
false,false,false,18168202669558,2026-03-24 15:14:43.094,false,,,2026-03-24 15:14:43.094,,
false,false,false,18196700516501,2026-04-25 11:01:42.863,true,0,4974701,2026-03-27 00:00:00.000,Resolvido,Acareação
false,false,false,18015952316101,2026-04-20 15:50:10.859,true,0,4913649,2026-03-23 00:00:00.000,Resolvido,Acareação
false,true,false,18015954067715,2026-05-15 13:41:30.990,false,5571982193157,,2026-05-15 16:41:30.992,,
false,false,false,18239000038172,2026-04-22 14:40:56.699,true,0,4922680,2026-03-24 00:00:00.000,Resolvido,Acareação
false,false,false,18015952338676,2026-04-22 14:40:56.805,true,0,4925311,2026-03-24 00:00:00.000,Resolvido,Acareação
false,false,false,18152701112721,2026-06-03 15:01:05.778,true,0,5501554,2026-05-19 00:00:00.000,Resolvido,Acareação
false,false,false,18172000127230,2026-04-28 12:31:39.926,true,0,4995678,2026-03-30 00:00:00.000,Resolvido,Acareação
false,false,false,18015952464014,2026-03-24 19:11:43.824,false,5571993602361,,2026-03-24 22:11:43.834,,
false,false,false,18015952533821,2026-03-24 19:30:50.192,false,5571992650873,,2026-03-24 22:30:50.194,,
false,false,false,18015952534934,2026-03-24 19:32:50.946,false,5571992883725,,2026-03-24 22:32:50.949,,
false,false,false,18015952591548,2026-03-24 19:34:12.188,false,5571999072425,,2026-03-24 22:34:12.196,,
false,false,false,18015952622360,2026-03-24 19:35:08.265,false,,,2026-03-24 22:35:08.268,,
false,false,false,18168300005565,2026-03-25 07:49:45.994,false,,,2026-03-25 10:49:45.996,,
false,false,false,18015952443983,2026-03-25 12:36:03.357,false,5571993205711,,2026-03-24 22:29:24.945,,
false,false,false,18152701056804,2026-03-25 12:46:32.955,false,,,2026-03-25 15:46:32.957,,
false,false,false,18109908239499,2026-03-25 08:06:27.888,false,5571985165080,,2026-03-25 11:06:27.890,,
false,false,false,18159608306647,2026-03-25 08:07:24.166,false,5571991344414,,2026-03-25 11:07:24.168,,
false,false,false,18015951972807,2026-03-25 08:07:58.707,false,5571981453368,,2026-03-24 22:18:44.823,,
false,false,false,18097901285373,2026-03-25 09:06:01.629,false,,,2026-03-25 12:05:39.117,,
false,false,false,18097901304606,2026-03-25 09:57:47.988,false,,,2026-03-25 12:57:47.991,,
false,false,false,18015952270095,2026-03-25 12:02:37.517,false,,,2026-03-24 22:30:16.104,,
false,false,false,18199700490684,2026-03-25 12:02:51.372,false,,,2026-03-25 15:02:51.374,,
false,false,false,18000100228333,2026-03-25 13:36:46.923,false,,,2026-03-25 16:33:40.121,,
false,false,false,18256300019909,2026-03-25 12:03:26.538,false,,,2026-03-25 10:51:59.882,,
false,false,false,18015951836834,2026-03-25 12:03:46.363,false,,,2026-03-25 15:03:46.365,,
false,false,false,18015952512311,2026-03-25 12:47:58.913,false,,,2026-03-25 15:47:58.914,,
false,false,false,18176302930595,2026-03-25 12:14:32.913,false,5575983332737,,2026-03-25 12:57:37.103,,
false,false,false,10083476955281,2026-03-25 12:24:21.113,false,,,2026-03-25 15:24:21.115,,
false,false,false,18146400240977,2026-03-25 12:25:57.023,false,,,2026-03-25 15:25:57.026,,
false,false,false,18015952575208,2026-03-25 12:50:54.842,false,,,2026-03-25 15:50:54.844,,
false,false,false,18244300041151,2026-03-27 10:26:07.960,false,,,2026-03-25 15:21:41.119,,
false,false,false,18015952271877,2026-03-26 15:17:55.552,false,,,2026-03-24 22:28:41.754,,
false,false,false,18257500074244,2026-05-16 11:13:32.766,true,0,5203389,2026-04-17 00:00:00.000,Resolvido,Acareação
false,false,false,18155600364639,2026-03-26 11:22:56.650,false,5571999363930,,2026-03-25 10:38:52.453,,
false,false,false,10081229841160,2026-03-27 10:24:46.069,false,,,2026-03-25 16:23:04.657,,
false,false,false,18121604456759,2026-05-16 11:13:33.567,true,0,5203628,2026-04-17 00:00:00.000,Resolvido,Comprovante de entrega
false,false,false,18123901685420,2026-05-26 10:26:43.801,true,0,5277934,2026-04-27 00:00:00.000,Resolvido,Acareação
false,true,false,18159608350620,2026-03-26 07:30:08.807,false,,,2026-03-26 10:30:08.811,,
false,false,false,18015951976135,2026-03-28 10:32:26.871,false,5571992667241,,2026-03-24 22:19:43.998,,
false,false,false,10080088792404,2026-03-26 11:10:57.698,false,5571987942616,,2026-03-25 15:02:20.497,,
false,false,false,18015952570672,2026-03-26 13:34:07.803,false,5571988107077,,2026-03-26 16:34:07.807,,
false,false,false,18246400097174,2026-04-08 16:56:15.334,true,0,4767754,2026-03-20 15:53:56.562,Resolvido,Acareação
false,false,false,18166700718642,2026-05-23 11:44:16.425,true,0,5258964,2026-04-24 00:00:00.000,Resolvido,Acareação
false,false,false,18168202694498,2026-05-23 11:44:16.331,true,0,5258506,2026-04-24 00:00:00.000,Resolvido,Acareação
false,false,false,18131502113638,2026-05-21 10:42:14.459,false,5577999634073,,2026-05-21 13:42:14.486,,
false,false,false,18015954847979,2026-05-28 09:37:29.186,false,5571981205210,,2026-05-28 12:37:29.190,,
false,false,false,18249200299522,2026-05-27 16:25:11.530,false,554335718731,,2026-05-27 19:24:27.315,,
false,false,false,18015954429059,2026-06-03 15:01:04.495,true,0,5478724,2026-05-18 16:34:35.740,Resolvido,Acareação
false,false,false,18015952405838,2026-03-26 13:49:28.673,false,,,2026-03-26 16:49:28.677,,
false,false,false,18015952497433,2026-03-26 17:53:59.387,false,,,2026-03-26 17:53:59.387,,
false,false,false,18104102506006,2026-03-26 15:06:56.808,false,,,2026-03-26 18:06:56.811,,
false,false,false,18215300093444,2026-03-26 15:12:39.182,false,,,2026-03-26 18:12:39.185,,
false,false,false,18015952348647,2026-03-26 16:06:16.539,false,,,2026-03-26 19:06:16.542,,
false,true,false,18176002734787,2026-04-06 11:29:59.097,false,5571991648734,,2026-04-06 14:29:59.100,,
false,false,false,18172803071290,2026-04-23 08:53:21.129,false,5571992738910,,2026-04-23 11:53:21.132,,
false,false,false,18188300591295,2026-03-27 09:14:23.239,false,,,2026-03-26 19:28:10.723,,
false,false,false,18015952510601,2026-03-27 09:29:15.142,false,,,2026-03-27 12:29:15.145,,
false,false,false,18166700707263,2026-03-27 10:05:33.140,false,,,2026-03-27 13:05:33.143,,
false,false,false,10080048906871,2026-04-28 12:31:40.203,true,0,4998775,2026-03-30 00:00:00.000,Resolvido,Comprovante de entrega
false,false,false,18143700192585,2026-03-27 10:21:59.621,false,,,2026-03-27 13:21:59.624,,
false,false,false,18104102540109,2026-03-27 10:31:14.554,false,,,2026-03-27 12:36:52.089,,
false,false,false,18168202692899,2026-03-27 11:34:36.984,false,,,2026-03-27 14:34:36.986,,
false,false,false,18175400319144,2026-03-27 11:46:31.300,false,,,2026-03-27 14:46:31.303,,
false,false,false,10087043191753,2026-04-28 12:31:40.260,true,0,5000558,2026-03-30 00:00:00.000,Resolvido,Comprovante de entrega
false,false,false,18250100187150,2026-03-27 13:11:58.575,false,,,2026-03-27 16:11:58.578,,
false,true,false,18191001638549,2026-03-27 14:01:01.008,false,,,2026-03-27 17:01:01.010,,
false,false,false,18143102785150,2026-06-03 15:01:01.328,true,0,5377404,2026-05-07 00:00:00.000,Resolvido,Comprovante de entrega
false,false,false,18107200029939,2026-04-06 16:14:44.755,false,5571992580931,,2026-04-06 19:14:44.758,,
false,true,false,18112000974886,2026-04-24 12:21:51.861,false,5571981992420,,2026-04-24 15:21:51.864,,
false,false,false,10080048906845,2026-04-29 14:40:16.541,true,0,5018670,2026-03-30 00:00:00.000,Resolvido,Comprovante de entrega
false,false,false,18168202671549,2026-03-27 15:23:27.353,false,,,2026-03-27 18:23:27.356,,
false,false,false,13909902830305,2026-03-27 15:27:05.647,false,,,2026-03-27 18:27:05.652,,
false,false,false,561933413,2026-03-27 15:36:13.739,false,,,2026-03-27 18:36:13.741,,
false,false,false,18168202685721,2026-03-27 15:39:20.387,false,,,2026-03-27 18:39:20.390,,
false,false,false,18015952939643,2026-03-27 15:54:47.937,false,,,2026-03-27 18:54:47.940,,
false,false,false,18142900790160,2026-04-29 14:40:16.721,true,0,5025360,2026-03-31 00:00:00.000,Resolvido,Comprovante de entrega
false,false,false,18015952172955,2026-04-22 14:40:56.858,true,0,4925345,2026-03-24 00:00:00.000,Resolvido,Acareação
false,false,false,18015952408379,2026-04-22 14:40:56.902,true,0,4925350,2026-03-24 00:00:00.000,Resolvido,Acareação
false,false,false,18015952330439,2026-04-22 14:40:56.943,true,0,4925377,2026-03-24 00:00:00.000,Resolvido,Acareação
false,false,false,18015952444103,2026-04-22 14:40:56.984,true,0,4925336,2026-03-24 00:00:00.000,Resolvido,Acareação
false,false,false,18015952573479,2026-04-22 14:40:57.038,true,0,4925341,2026-03-24 00:00:00.000,Resolvido,Acareação
false,false,false,18015952312144,2026-04-22 14:40:57.084,true,0,4925343,2026-03-24 00:00:00.000,Resolvido,Acareação
false,false,false,18015952722034,2026-04-04 08:14:27.691,false,5571999533396,,2026-04-02 11:39:11.256,,
false,false,false,18015953070543,2026-04-29 18:11:29.520,false,5571987271510,,2026-04-23 10:51:59.313,,
false,false,false,18015952504161,2026-04-22 14:40:57.135,true,0,4925348,2026-03-24 00:00:00.000,Resolvido,Acareação
false,false,false,18159608315218,2026-03-31 12:11:00.869,false,5571992427696,,2026-03-31 15:11:00.872,,
false,false,false,18181400022957,2026-03-28 09:41:54.202,false,5571981054546,,2026-03-27 13:08:29.042,,
false,false,false,18249200197229,2026-04-06 07:54:04.539,false,5571987730527,,2026-04-06 10:54:04.542,,
false,false,false,18198401121655,2026-04-13 08:55:25.962,true,0,4833684,2026-04-06 19:56:49.461,Resolvido,Comprovante de entrega
false,true,false,18204700641640,2026-03-30 09:12:34.772,false,5571992494175,,2026-03-30 12:12:34.776,,
false,true,false,18015953545364,2026-04-23 19:01:29.462,false,5571993618283,,2026-04-23 22:01:29.464,,
false,false,false,18198401117063,2026-04-08 16:56:15.568,true,0,4772570,2026-04-06 19:56:48.431,Resolvido,Comprovante de entrega
false,false,false,18015952580094,2026-05-08 15:17:52.001,true,0,5110659,2026-04-09 00:00:00.000,Resolvido,Acareação
false,false,false,18015952935031,2026-05-08 15:17:52.168,true,0,5117874,2026-04-09 00:00:00.000,Resolvido,Acareação
false,false,false,18015953519195,2026-04-25 09:31:36.427,false,5571984337058,,2026-04-25 12:31:36.430,,
false,true,false,18015952909981,2026-04-06 09:06:33.815,false,5571982368990,,2026-04-06 12:06:33.818,,
false,false,false,18015952982466,2026-05-08 15:17:52.236,true,0,5118084,2026-04-09 00:00:00.000,Resolvido,Acareação
false,false,false,18159608380598,2026-04-06 09:55:30.314,false,5571984789808,,2026-04-06 12:55:30.319,,
false,false,false,18168202680342,2026-04-06 10:29:34.339,false,5571984070039,,2026-04-06 13:29:34.344,,
false,false,false,18168202681285,2026-04-06 11:27:25.360,false,5571999163414,,2026-04-04 11:17:12.910,,
false,false,false,18159608361197,2026-04-06 11:38:12.001,false,5571985142671,,2026-04-06 14:38:12.004,,
false,false,false,18176302938931,2026-04-06 14:25:05.539,false,5571986693163,,2026-04-06 17:25:05.542,,
false,false,false,10086682312203,2026-04-08 16:56:15.189,true,0,4765906,2026-04-06 19:56:47.382,Resolvido,Comprovante de entrega
false,false,false,18015953058069,2026-04-07 12:14:55.344,false,5571988334224,,2026-04-07 15:14:55.349,,
false,false,false,18015953107616,2026-04-07 13:21:11.464,false,5571999865686,,2026-04-07 16:21:11.468,,
false,false,false,18015953113669,2026-04-07 13:21:35.011,false,5571999865686,,2026-04-07 16:21:35.013,,
false,false,false,18015951200676,2026-04-15 13:26:13.872,true,0,4841274,2026-03-20 08:03:58.033,Resolvido,Acareação
false,false,false,18015951844219,2026-04-15 13:26:13.224,true,0,4841167,2026-03-20 11:22:33.702,Resolvido,Acareação
false,false,false,10084844140016,2026-05-07 11:38:56.256,true,0,5101611,2026-04-08 00:00:00.000,Resolvido,Comprovante de entrega
false,false,false,18015952277011,2026-04-15 13:26:13.925,true,0,4841275,2026-03-20 08:03:58.033,Resolvido,Acareação
false,false,false,18000100251435,2026-04-07 22:22:58.823,false,5574988790384,,2026-04-08 01:22:58.831,,
false,false,false,18015951878605,2026-04-15 13:26:13.281,true,0,4841169,2026-03-20 08:03:58.033,Resolvido,Acareação
false,false,false,18015951972770,2026-04-15 13:26:13.993,true,0,4841101,2026-03-20 08:03:58.033,Resolvido,Acareação
false,false,false,18015952016579,2026-04-15 13:26:13.331,true,0,4841191,2026-03-20 11:22:33.659,Resolvido,Acareação
false,false,false,18172803060193,2026-05-07 11:38:56.318,true,0,5101810,2026-04-08 00:00:00.000,Resolvido,Acareação
false,false,false,18015953331978,2026-04-23 07:45:49.221,false,5571991257514,,2026-04-23 10:45:49.232,,
false,false,false,18172803031202,2026-05-06 13:41:42.377,true,0,5088052,2026-04-07 00:00:00.000,Resolvido,Acareação
false,false,false,18015952044235,2026-04-15 13:26:14.047,true,0,4841107,2026-03-20 08:03:58.033,Resolvido,Acareação
false,false,false,18172803058244,2026-05-07 11:38:56.370,true,0,5101822,2026-04-08 00:00:00.000,Resolvido,Acareação
false,false,false,18015952207385,2026-04-15 13:26:13.395,true,0,4841211,2026-03-20 08:03:58.033,Resolvido,Acareação
false,false,false,18015952061977,2026-04-15 13:26:13.502,true,0,4841219,2026-03-20 08:03:58.033,Resolvido,Acareação
false,false,false,18015951776428,2026-04-15 13:26:13.567,true,0,4841246,2026-03-20 11:22:33.596,Resolvido,Acareação
false,false,false,18168202696474,2026-04-09 10:46:26.150,false,5571983414218,,2026-04-09 13:46:26.154,,
false,false,false,10085065221554,2026-04-09 10:47:16.860,false,5571987976301,,2026-04-09 13:47:16.864,,
false,false,false,18215000147986,2026-04-09 15:04:49.526,false,5571996301210,,2026-04-09 18:04:49.528,,
false,false,false,18109908039596,2026-04-24 14:36:04.134,true,0,4961493,2026-03-20 08:03:58.033,Resolvido,Contestação de acareação
false,false,false,18015952930620,2026-05-07 11:38:56.430,true,0,5101977,2026-04-08 00:00:00.000,Resolvido,Acareação
false,false,false,18191001608477,2026-05-07 11:38:56.513,true,0,5104378,2026-04-08 00:00:00.000,Resolvido,Contestação de acareação
false,false,false,10082862054755,2026-05-05 13:54:26.454,true,0,5081070,2026-04-06 00:00:00.000,Resolvido,Acareação
false,false,false,18015953293720,2026-04-23 07:55:09.098,false,5571993045201,,2026-04-23 10:55:09.101,,
false,false,false,18015951579755,2026-04-15 13:26:13.621,true,0,4841256,2026-03-20 11:22:33.573,Resolvido,Acareação
false,false,false,18015951930210,2026-04-15 13:26:14.148,true,0,4841122,2026-03-20 11:22:33.381,Resolvido,Acareação
false,false,false,18015952028625,2026-04-15 13:26:14.193,true,0,4841165,2026-03-20 11:22:33.356,Resolvido,Acareação
false,false,false,18015952064892,2026-04-15 13:26:14.252,true,0,4841186,2026-03-20 08:03:58.033,Resolvido,Acareação
false,false,false,18136301253566,2026-05-05 13:54:27.453,true,0,5082373,2026-04-06 00:00:00.000,Resolvido,Comprovante de entrega
false,false,false,18015952314301,2026-04-14 13:15:22.316,true,0,4830527,2026-03-20 08:03:58.033,Resolvido,Acareação
false,false,false,18131100250113,2026-04-14 13:15:22.509,true,0,4834525,2026-03-20 08:03:58.033,Resolvido,Acareação
false,false,false,18126801796813,2026-04-30 13:34:39.103,true,0,5032304,2026-04-01 00:00:00.000,Resolvido,Acareação
false,false,false,18015952322488,2026-04-30 13:34:39.235,true,0,5038896,2026-04-01 00:00:00.000,Resolvido,Acareação
false,false,false,18248700009236,2026-04-30 13:34:39.287,true,0,5044770,2026-04-02 00:00:00.000,Resolvido,Acareação
false,false,false,18198401113927,2026-04-11 09:16:21.029,true,0,4811747,2026-03-20 08:03:58.033,Resolvido,Comprovante de entrega
false,false,false,18015951402040,2026-04-15 13:26:13.668,true,0,4841261,2026-03-20 08:03:58.033,Resolvido,Acareação
false,false,false,18015951579491,2026-04-15 13:26:13.743,true,0,4841268,2026-03-20 11:22:33.528,Resolvido,Acareação
false,false,false,18162501250092,2026-04-15 13:26:12.314,true,0,4840895,2026-03-20 11:22:33.763,Resolvido,Acareação
false,false,false,18015951501455,2026-04-15 13:26:13.034,true,0,4841115,2026-03-20 08:03:58.033,Resolvido,Acareação
false,false,false,18015952036775,2026-04-15 13:26:13.162,true,0,4841163,2026-03-20 11:22:33.724,Resolvido,Acareação
false,false,false,18015951393491,2026-04-15 13:26:13.818,true,0,4841272,2026-03-20 11:22:33.504,Resolvido,Acareação
false,false,false,18191001689426,2026-04-23 19:09:53.487,false,5571987164224,,2026-04-23 22:09:53.490,,
false,false,false,18109908195305,2026-04-15 13:26:15.276,true,0,4848955,2026-03-17 00:00:00.000,Resolvido,Acareação
false,false,false,18015952328471,2026-04-15 13:26:15.349,true,0,4853026,2026-03-20 08:03:58.033,Resolvido,Acareação
false,false,false,18137801965391,2026-05-12 11:18:20.749,true,0,5146769,2026-04-13 00:00:00.000,Resolvido,Acareação
false,false,false,18121604427678,2026-04-22 14:40:57.328,true,0,4929050,2026-03-20 11:22:32.913,Resolvido,Acareação
false,false,false,10081185165564,2026-05-05 13:54:26.162,true,0,5079028,2026-04-06 00:00:00.000,Resolvido,Acareação
false,false,false,18256500027112,2026-05-08 15:17:52.339,true,0,5122439,2026-04-09 00:00:00.000,Resolvido,Acareação
false,false,false,18121604506933,2026-05-12 11:18:20.802,true,0,5148848,2026-04-13 00:00:00.000,Resolvido,Acareação
false,false,false,18168202708783,2026-04-30 09:20:38.897,false,5571988607620,,2026-04-30 12:20:38.899,,
false,false,false,18015952810778,2026-04-29 14:40:16.612,true,0,5019492,2026-03-31 00:00:00.000,Resolvido,Acareação
false,false,false,10089969281703,2026-04-30 14:01:54.428,false,5571988827767,,2026-04-30 17:01:54.431,,
false,false,false,18126801789980,2026-04-25 11:01:42.966,true,0,4981128,2026-03-27 00:00:00.000,Resolvido,Acareação
false,false,false,18168202660176,2026-04-25 11:01:43.016,true,0,4982462,2026-03-27 00:00:00.000,Resolvido,Acareação
false,false,false,18121604460407,2026-04-22 14:40:57.371,true,0,4936013,2026-03-24 00:00:00.000,Resolvido,Acareação
false,false,false,10083701295336,2026-05-27 11:25:11.723,true,0,5300492,2026-04-20 00:00:00.000,Resolvido,Contestação de acareação
false,false,false,18168202688927,2026-04-30 13:34:39.040,true,0,5029504,2026-04-01 00:00:00.000,Resolvido,Acareação
false,false,false,18121604492098,2026-04-29 14:40:16.669,true,0,5021028,2026-03-31 00:00:00.000,Resolvido,Acareação
false,false,false,18015952644117,2026-05-05 13:54:26.302,true,0,5080280,2026-04-06 00:00:00.000,Resolvido,Acareação
false,false,false,18159608300815,2026-04-29 14:40:16.766,true,0,5026019,2026-03-31 00:00:00.000,Resolvido,Acareação
false,false,false,18015951861203,2026-04-15 13:26:14.314,true,0,4841193,2026-03-20 11:22:33.311,Resolvido,Acareação
false,false,false,18015951975813,2026-04-15 13:26:14.359,true,0,4841200,2026-03-20 11:22:33.285,Resolvido,Acareação
false,false,false,18249200198423,2026-05-14 11:05:03.454,true,0,5173518,2026-04-15 00:00:00.000,Resolvido,Acareação
false,false,false,18015951929982,2026-04-15 13:26:14.407,true,0,4841224,2026-03-20 08:03:58.033,Resolvido,Acareação
false,false,false,18015951542842,2026-04-15 13:26:14.456,true,0,4841239,2026-03-20 08:03:58.033,Resolvido,Acareação
false,false,false,18015951327868,2026-04-15 13:26:14.513,true,0,4841250,2026-03-20 11:22:32.722,Resolvido,Acareação
false,false,false,18015951403455,2026-04-15 13:26:14.557,true,0,4841254,2026-03-17 00:00:00.000,Resolvido,Acareação
false,false,false,18015951844700,2026-04-15 13:26:14.618,true,0,4841257,2026-03-20 08:03:58.033,Resolvido,Acareação
false,false,false,18015951495863,2026-04-15 13:26:14.678,true,0,4841259,2026-03-20 11:22:33.116,Resolvido,Acareação
false,false,false,18015951336313,2026-04-15 13:26:14.732,true,0,4841271,2026-03-20 11:22:33.048,Resolvido,Acareação
false,false,false,18015951780185,2026-04-15 13:26:14.778,true,0,4841276,2026-03-20 08:03:58.033,Resolvido,Acareação
false,false,false,18015952122442,2026-04-15 13:26:14.866,true,0,4841779,2026-03-17 00:00:00.000,Resolvido,Acareação
false,false,false,18242900272088,2026-04-15 13:26:15.034,true,0,4842777,2026-03-20 08:03:58.033,Resolvido,Acareação
false,false,false,18226200248033,2026-04-15 13:26:15.102,true,0,4845248,2026-03-20 11:22:32.982,Resolvido,Acareação
false,false,false,18191001632233,2026-05-05 13:54:25.218,true,0,5070398,2026-04-06 00:00:00.000,Resolvido,Acareação
false,false,false,18249200194908,2026-05-14 11:05:03.963,true,0,5179093,2026-04-15 00:00:00.000,Resolvido,Acareação
false,false,false,18251600001685,2026-04-28 12:31:40.387,true,0,5003665,2026-03-30 00:00:00.000,Resolvido,Acareação
false,false,false,18172803067778,2026-05-06 15:16:19.384,false,5571992918058,,2026-05-06 18:16:19.386,,
false,false,false,18142600234859,2026-04-24 14:36:03.759,true,0,4954680,2026-03-26 00:00:00.000,Resolvido,Acareação
false,false,false,18167700774454,2026-04-24 14:36:03.965,true,0,4954970,2026-03-26 00:00:00.000,Resolvido,Acareação
false,false,false,18171600689120,2026-04-24 14:36:04.048,true,0,4955938,2026-03-26 00:00:00.000,Resolvido,Acareação
false,false,false,18249300022760,2026-04-23 17:28:12.695,true,0,4948700,2026-03-25 00:00:00.000,Resolvido,Acareação
false,false,false,18249200203860,2026-05-14 11:05:03.746,true,0,5174682,2026-04-15 00:00:00.000,Resolvido,Acareação
false,false,false,18249200209522,2026-05-05 13:54:25.627,true,0,5071501,2026-04-06 00:00:00.000,Resolvido,Acareação
false,false,false,18015954076914,2026-05-15 13:41:49.404,false,5571993373724,,2026-05-15 16:41:49.452,,
false,true,false,18176303011927,2026-05-15 13:41:06.273,false,5571984086300,,2026-05-15 16:41:06.276,,
false,false,false,18197100095990,2026-04-30 13:34:39.747,true,0,5057704,2026-04-02 00:00:00.000,Resolvido,Acareação
false,false,false,18165700953308,2026-05-12 11:18:20.645,true,0,5144660,2026-04-13 00:00:00.000,Resolvido,Acareação
false,false,false,18191001599789,2026-04-28 12:31:40.502,true,0,5003894,2026-03-30 00:00:00.000,Resolvido,Acareação
false,false,false,18176302991244,2026-05-13 11:35:37.274,false,5571988701118,,2026-05-13 14:35:37.276,,
false,false,false,18226200260434,2026-05-09 12:03:18.208,true,0,5124866,2026-04-10 00:00:00.000,Resolvido,Acareação
false,false,false,18015952570232,2026-04-22 14:40:57.238,true,0,4925355,2026-03-24 00:00:00.000,Resolvido,Acareação
false,false,false,18015952577745,2026-04-22 14:40:57.282,true,0,4925372,2026-03-24 00:00:00.000,Resolvido,Acareação
false,false,false,18015952763068,2026-05-09 12:03:19.012,true,0,5125206,2026-04-10 00:00:00.000,Resolvido,Acareação
false,false,false,18168202713636,2026-05-21 12:08:37.655,true,0,5226192,2026-04-16 00:00:00.000,Resolvido,Acareação
false,false,false,18015953726249,2026-04-28 07:45:46.869,false,5571997055022,,2026-04-28 10:45:46.870,,
false,false,false,18249200202805,2026-05-05 13:54:25.972,true,0,5071660,2026-04-06 00:00:00.000,Resolvido,Acareação
false,false,false,18109044928716,2026-04-29 11:44:49.906,false,5571996539433,,2026-04-29 14:44:49.909,,
false,false,false,18000100260801,2026-05-12 11:18:20.709,true,0,5145847,2026-04-13 00:00:00.000,Resolvido,Acareação
false,false,false,18168202704142,2026-05-09 12:03:19.243,true,0,5133711,2026-04-10 00:00:00.000,Resolvido,Acareação
false,false,false,18109908324215,2026-05-22 15:20:17.200,true,0,5243067,2026-04-23 00:00:00.000,Resolvido,Contestação de acareação
false,false,false,18226900949050,2026-05-04 12:16:02.969,false,5571991198759,,2026-05-04 15:16:02.973,,
false,false,false,18167701023263,2026-06-03 15:01:03.335,true,0,5422755,2026-05-12 00:00:00.000,Resolvido,Acareação
false,false,false,18159608338105,2026-05-12 11:18:20.598,true,0,5143453,2026-04-06 00:00:00.000,Resolvido,Comprovante de entrega
false,false,false,18203600547268,2026-05-22 15:20:17.340,true,0,5244953,2026-04-23 00:00:00.000,Resolvido,Acareação
false,false,false,18249200232989,2026-05-22 15:20:18.135,true,0,5247731,2026-04-23 00:00:00.000,Resolvido,Acareação
false,false,false,18015953542458,2026-05-27 11:25:11.504,true,0,5296637,2026-04-28 00:00:00.000,Resolvido,Acareação
false,false,false,18249200230450,2026-05-22 15:20:18.217,true,0,5247861,2026-04-23 00:00:00.000,Resolvido,Acareação
false,false,false,18159608495789,2026-05-27 11:25:11.618,true,0,5297610,2026-04-28 00:00:00.000,Resolvido,Acareação
false,false,false,18015953487195,2026-06-02 15:35:47.210,true,0,5338302,2026-05-04 00:00:00.000,Resolvido,Acareação
false,false,false,18015953939180,2026-06-03 15:01:02.879,true,0,5411868,2026-05-11 00:00:00.000,Resolvido,Acareação
false,false,false,10088125002790,2026-06-03 15:01:02.997,true,0,5413071,2026-05-11 00:00:00.000,Resolvido,Contestação de acareação
false,false,false,18226200298753,2026-06-03 15:01:03.082,true,0,5414671,2026-05-11 00:00:00.000,Resolvido,Acareação
false,false,false,18176302985013,2026-05-19 12:53:37.174,true,0,5213048,2026-04-20 00:00:00.000,Resolvido,Acareação
false,false,false,18189800205040,2026-05-19 12:53:37.455,true,0,5215843,2026-04-20 00:00:00.000,Resolvido,Acareação
false,false,false,10085065342865,2026-06-03 15:01:05.474,true,0,5482783,2026-05-06 00:00:00.000,Resolvido,Acareação
false,false,false,18239000041632,2026-05-29 16:26:55.268,true,0,5323265,2026-04-30 00:00:00.000,Resolvido,Acareação
false,false,false,18249200240551,2026-05-29 16:27:02.345,true,0,5323582,2026-04-30 00:00:00.000,Resolvido,Acareação
false,false,false,18015953466891,2026-05-26 10:26:44.667,true,0,5286030,2026-04-27 00:00:00.000,Resolvido,Acareação
false,false,false,18255100031347,2026-05-21 12:08:42.263,true,0,5233235,2026-04-22 00:00:00.000,Resolvido,Acareação
false,false,false,18249200235597,2026-05-16 11:13:29.924,true,0,5201322,2026-04-17 00:00:00.000,Resolvido,Acareação
false,false,false,18015952504431,2026-05-16 11:13:31.231,true,0,5201731,2026-04-17 00:00:00.000,Resolvido,Acareação
false,false,false,18188300604317,2026-05-16 11:13:31.972,true,0,5202673,2026-04-17 00:00:00.000,Resolvido,Acareação
false,false,false,18137301245974,2026-06-03 15:01:00.101,true,0,5345516,2026-05-05 00:00:00.000,Resolvido,Acareação
false,false,false,10088293862921,2026-06-03 15:01:00.200,true,0,5351087,2026-05-05 00:00:00.000,Resolvido,Contestação de acareação
false,false,false,18123100829012,2026-06-03 15:01:00.564,true,0,5353783,2026-05-05 00:00:00.000,Resolvido,Comprovante de entrega
false,false,false,10085028047383,2026-06-03 15:01:00.690,true,0,5356926,2026-05-06 00:00:00.000,Resolvido,Acareação
false,false,false,18121604559999,2026-06-03 15:01:01.169,true,0,5363059,2026-05-06 00:00:00.000,Resolvido,Acareação
false,false,false,18164601927605,2026-06-03 15:01:01.520,true,0,5383540,2026-05-08 00:00:00.000,Resolvido,Comprovante de entrega
false,false,false,10085151422066,2026-06-03 15:01:01.749,true,0,5384958,2026-05-08 00:00:00.000,Resolvido,Acareação
false,false,false,18109908454614,2026-06-03 15:01:01.824,true,0,5387444,2026-05-08 00:00:00.000,Resolvido,Acareação
false,false,false,18210200097224,2026-06-03 15:01:01.954,true,0,5394701,2026-05-09 00:00:00.000,Resolvido,Acareação
false,false,false,18168000087264,2026-06-02 15:35:46.859,true,0,5334159,2026-05-04 00:00:00.000,Resolvido,Acareação
false,false,false,18126801841647,2026-06-03 15:01:02.172,true,0,5409457,2026-05-11 00:00:00.000,Resolvido,Contestação de acareação
false,true,false,18249200300492,2026-06-03 15:01:11.423,false,,5667425,2026-06-02 00:00:00.000,Pendente,Acareação
false,false,false,18168202748545,2026-06-03 15:01:03.972,true,0,5448133,2026-05-14 00:00:00.000,Resolvido,Acareação
false,true,false,18226200319546,2026-06-03 15:01:11.564,false,,5668312,2026-06-02 00:00:00.000,Pendente,Acareação
false,true,false,18168202788505,2026-06-03 15:01:11.977,false,,5668314,2026-06-02 00:00:00.000,Pendente,Acareação
false,false,false,18226200321483,2026-06-03 15:01:12.061,false,,5668310,2026-06-02 00:00:00.000,Pendente,Acareação
false,true,false,18015954857324,2026-06-03 15:01:12.105,false,,5668683,2026-06-02 00:00:00.000,Pendente,Acareação
false,false,false,10085003767850,2026-06-03 15:01:04.169,true,0,5450898,2026-05-14 00:00:00.000,Resolvido,Comprovante de entrega
false,false,false,18121604594949,2026-06-03 15:01:04.221,true,0,5455459,2026-05-14 00:00:00.000,Resolvido,Acareação
false,false,false,18258600023979,2026-06-03 15:01:04.267,true,0,5458866,2026-05-15 00:00:00.000,Resolvido,Acareação
false,false,false,18261000016843,2026-06-03 15:01:12.146,false,5571982857535,5668807,2026-06-02 00:00:00.000,Pendente,Acareação
false,false,false,18104102627686,2026-06-03 15:01:04.369,true,0,5459804,2026-05-15 00:00:00.000,Resolvido,Acareação
false,false,false,18172803092450,2026-06-03 15:01:04.441,true,0,5461906,2026-05-15 00:00:00.000,Resolvido,Acareação
false,false,false,18185000108908,2026-06-03 15:01:07.970,true,0,5504716,2026-05-20 00:00:00.000,Resolvido,Acareação
false,false,false,18201800078946,2026-06-03 15:01:09.359,true,0,5508364,2026-05-20 00:00:00.000,Resolvido,Acareação
false,false,false,18191001704177,2026-06-03 15:01:10.118,true,0,5590778,2026-05-27 00:00:00.000,Resolvido,Acareação
false,false,false,10084759129380,2026-06-03 15:01:10.207,false,5571988736469,5591368,2026-05-27 00:00:00.000,Aberto/Em espera,Acareação
false,false,false,10085028095342,2026-06-03 15:01:10.388,true,0,5612149,2026-05-28 00:00:00.000,Resolvido,Acareação
false,false,false,18109908587658,2026-06-03 15:01:10.470,true,0,5628793,2026-05-29 00:00:00.000,Resolvido,Acareação
false,false,false,18206101250471,2026-06-03 15:01:09.426,true,0,5519762,2026-05-21 00:00:00.000,Resolvido,Acareação
false,false,false,18177100440851,2026-06-03 15:01:10.560,true,0,5629206,2026-05-29 00:00:00.000,Resolvido,Acareação
false,false,false,18242900306885,2026-06-03 15:01:10.631,true,0,5630682,2026-05-29 00:00:00.000,Resolvido,Acareação
false,false,false,18206101234963,2026-06-03 15:01:01.417,true,0,5382583,2026-05-08 00:00:00.000,Resolvido,Acareação
false,false,false,10087043280412,2026-06-03 15:01:09.515,true,0,5547323,2026-05-22 00:00:00.000,Resolvido,Comprovante de entrega
false,false,false,18236200369343,2026-06-03 15:01:03.255,true,0,5415710,2026-05-11 00:00:00.000,Resolvido,Comprovante de entrega
false,false,false,18168202783684,2026-06-03 15:01:10.672,true,0,5642459,2026-06-01 00:00:00.000,Resolvido,Acareação
false,false,false,18226200321546,2026-06-03 15:01:10.737,true,0,5642473,2026-06-01 00:00:00.000,Resolvido,Acareação
false,true,false,18168202765185,2026-06-03 15:01:10.792,false,5571987863901,5642478,2026-06-01 00:00:00.000,Pendente,Acareação
false,false,false,18215300093808,2026-05-26 10:26:44.277,true,0,5278927,2026-04-27 00:00:00.000,Resolvido,Acareação
false,false,false,18186600044066,2026-06-03 15:01:11.101,true,0,5648964,2026-06-01 00:00:00.000,Resolvido,Acareação
false,false,false,18121604648870,2026-06-03 15:01:09.593,true,0,5558624,2026-05-25 00:00:00.000,Resolvido,Acareação
false,false,false,18249200258057,2026-06-03 15:01:09.696,true,0,5563619,2026-05-25 00:00:00.000,Resolvido,Acareação
false,false,false,18249200257950,2026-06-03 15:01:09.760,true,0,5563621,2026-05-25 00:00:00.000,Resolvido,Acareação
false,false,false,18249200285177,2026-06-03 15:01:09.815,true,0,5577778,2026-05-26 00:00:00.000,Resolvido,Acareação
false,false,false,18249200274404,2026-06-03 15:01:09.914,true,0,5578155,2026-05-26 00:00:00.000,Resolvido,Acareação
false,false,false,18226200319088,2026-06-03 15:01:09.977,true,0,5581924,2026-05-26 00:00:00.000,Resolvido,Acareação
false,false,false,18123901685935,2026-06-03 15:01:03.428,true,0,5431313,2026-05-13 00:00:00.000,Resolvido,Acareação
false,false,false,18121604624177,2026-06-03 15:01:03.481,true,0,5438035,2026-05-13 19:23:02.840,Resolvido,Acareação
false,false,false,18131502147619,2026-06-03 15:01:10.051,true,0,5586379,2026-05-26 00:00:00.000,Resolvido,Acareação
false,false,false,18121604673527,2026-06-03 15:01:11.279,true,0,5651899,2026-06-01 00:00:00.000,Resolvido,Acareação
false,false,false,10080298605411,2026-06-03 15:01:03.773,true,0,5442167,2026-05-13 00:00:00.000,Resolvido,Acareação
false,true,false,18246400129947,2026-06-03 15:01:11.332,false,,5656370,2026-06-02 00:00:00.000,Pendente,Acareação
